-- phpMyAdmin SQL Dump
-- version 5.2.1
-- https://www.phpmyadmin.net/
--
-- Host: 127.0.0.1
-- Generation Time: Feb 11, 2026 at 09:04 AM
-- Server version: 10.4.32-MariaDB
-- PHP Version: 8.2.12

SET SQL_MODE = "NO_AUTO_VALUE_ON_ZERO";
START TRANSACTION;
SET time_zone = "+00:00";


/*!40101 SET @OLD_CHARACTER_SET_CLIENT=@@CHARACTER_SET_CLIENT */;
/*!40101 SET @OLD_CHARACTER_SET_RESULTS=@@CHARACTER_SET_RESULTS */;
/*!40101 SET @OLD_COLLATION_CONNECTION=@@COLLATION_CONNECTION */;
/*!40101 SET NAMES utf8mb4 */;

--
-- Database: `rs`
--

-- --------------------------------------------------------

--
-- Table structure for table `appointments`
--

CREATE TABLE `appointments` (
  `appointment_id` int(11) NOT NULL,
  `patient_id` int(11) NOT NULL,
  `schedule_date` date NOT NULL,
  `department_id` int(11) NOT NULL,
  `doctor_id` int(11) NOT NULL,
  `status` enum('waiting','confirmed','cancelled','completed') DEFAULT 'waiting',
  `created_at` timestamp NOT NULL DEFAULT current_timestamp()
) ENGINE=InnoDB DEFAULT CHARSET=utf8mb4 COLLATE=utf8mb4_general_ci;

--
-- Dumping data for table `appointments`
--

INSERT INTO `appointments` (`appointment_id`, `patient_id`, `schedule_date`, `department_id`, `doctor_id`, `status`, `created_at`) VALUES
(3, 2, '2026-02-11', 1, 3, 'completed', '2026-02-10 18:06:32'),
(4, 2, '2026-02-11', 1, 3, 'confirmed', '2026-02-11 03:53:42'),
(5, 2, '2026-02-11', 1, 3, 'confirmed', '2026-02-11 04:03:26'),
(6, 2, '2026-02-11', 1, 3, 'completed', '2026-02-11 04:07:37'),
(7, 2, '2026-02-11', 1, 3, 'confirmed', '2026-02-11 04:58:41'),
(8, 2, '2026-02-11', 1, 3, 'confirmed', '2026-02-11 05:04:43'),
(9, 2, '2026-02-11', 1, 3, 'confirmed', '2026-02-11 05:11:16'),
(10, 3, '2026-02-11', 1, 3, 'completed', '2026-02-11 05:36:37'),
(11, 3, '2026-02-11', 2, 6, 'confirmed', '2026-02-11 07:48:28');

-- --------------------------------------------------------

--
-- Table structure for table `departments`
--

CREATE TABLE `departments` (
  `department_id` int(11) NOT NULL,
  `name` varchar(100) NOT NULL,
  `description` text DEFAULT NULL
) ENGINE=InnoDB DEFAULT CHARSET=utf8mb4 COLLATE=utf8mb4_general_ci;

--
-- Dumping data for table `departments`
--

INSERT INTO `departments` (`department_id`, `name`, `description`) VALUES
(1, 'Poli Umum', 'Pelayanan Kesehatan Umum'),
(2, 'Poli Gigi', 'Pemeriksaan dan perawatan kesehatan gigi dan mulut.'),
(3, 'Poli Anak', 'Spesialis kesehatan anak (Pediatri), imunisasi, dan tumbuh kembang.'),
(4, 'Poli Penyakit Dalam', 'Diagnosis dan penanganan penyakit organ dalam (Internis).'),
(5, 'Poli Kandungan (Obgyn)', 'Kesehatan reproduksi wanita, kehamilan, dan persalinan.'),
(6, 'Poli Mata', 'Pemeriksaan kesehatan mata dan penglihatan.'),
(7, 'Poli THT', 'Telinga, Hidung, dan Tenggorokan.'),
(8, 'Poli Saraf', 'Gangguan sistem saraf (Neurologi).'),
(9, 'Poli Jantung', 'Kesehatan jantung dan pembuluh darah (Kardiologi).'),
(10, 'Poli Bedah', 'Konsultasi dan tindakan bedah umum.');

-- --------------------------------------------------------

--
-- Table structure for table `doctors`
--

CREATE TABLE `doctors` (
  `doctor_id` int(11) NOT NULL,
  `user_id` int(11) NOT NULL,
  `department_id` int(11) NOT NULL,
  `specialization` varchar(100) DEFAULT NULL
) ENGINE=InnoDB DEFAULT CHARSET=utf8mb4 COLLATE=utf8mb4_general_ci;

--
-- Dumping data for table `doctors`
--

INSERT INTO `doctors` (`doctor_id`, `user_id`, `department_id`, `specialization`) VALUES
(3, 16, 1, 'Pelayanan Kesehatan Umum'),
(5, 17, 1, 'Pelayanan Kesehatan Umum'),
(6, 19, 2, 'Pemeriksaan dan perawatan kesehatan gigi dan mulut.'),
(7, 20, 3, 'Spesialis kesehatan anak (Pediatri), imunisasi, dan tumbuh kembang.'),
(8, 21, 1, 'Pelayanan Kesehatan Umum'),
(9, 22, 4, 'Diagnosis dan penanganan penyakit organ dalam (Internis).');

-- --------------------------------------------------------

--
-- Table structure for table `examinations`
--

CREATE TABLE `examinations` (
  `exam_id` int(11) NOT NULL,
  `appointment_id` int(11) NOT NULL,
  `doctor_id` int(11) NOT NULL,
  `complaint` text DEFAULT NULL,
  `diagnosis` text DEFAULT NULL,
  `notes` text DEFAULT NULL,
  `exam_date` datetime DEFAULT current_timestamp()
) ENGINE=InnoDB DEFAULT CHARSET=utf8mb4 COLLATE=utf8mb4_general_ci;

--
-- Dumping data for table `examinations`
--

INSERT INTO `examinations` (`exam_id`, `appointment_id`, `doctor_id`, `complaint`, `diagnosis`, `notes`, `exam_date`) VALUES
(1, 3, 3, 'Sakit kepala', 'Sakit kepala', 'Istirahat yg cukup', '2026-02-10 23:18:11'),
(2, 6, 5, 'pusing banget ', 'Sakit kepala', 'istirahat', '2026-02-11 05:30:51'),
(3, 10, 5, 'sakit perut', 'asm lambung', 'kurangi kopi', '2026-02-11 05:38:21');

-- --------------------------------------------------------

--
-- Table structure for table `medicines`
--

CREATE TABLE `medicines` (
  `medicine_id` int(11) NOT NULL,
  `name` varchar(100) NOT NULL,
  `stock` int(11) NOT NULL DEFAULT 0,
  `price` decimal(10,2) NOT NULL DEFAULT 0.00
) ENGINE=InnoDB DEFAULT CHARSET=utf8mb4 COLLATE=utf8mb4_general_ci;

--
-- Dumping data for table `medicines`
--

INSERT INTO `medicines` (`medicine_id`, `name`, `stock`, `price`) VALUES
(1, 'Paracetamol 500mg', 497, 5000.00),
(2, 'Amoxicillin 500mg', 197, 12000.00),
(3, 'Ibuprofen 400mg', 150, 8000.00),
(4, 'Cetirizine 10mg', 300, 15000.00),
(5, 'Omeprazole 20mg', 100, 25000.00),
(6, 'Metformin 500mg', 400, 10000.00),
(7, 'Amlodipine 5mg', 250, 12000.00),
(8, 'Simvastatin 10mg', 200, 18000.00),
(9, 'Antasida Doen', 999, 3000.00),
(10, 'Salbutamol 2mg', 100, 7000.00);

-- --------------------------------------------------------

--
-- Table structure for table `medicine_pickups`
--

CREATE TABLE `medicine_pickups` (
  `pickup_id` int(11) NOT NULL,
  `prescription_id` int(11) NOT NULL,
  `pickup_date` datetime DEFAULT current_timestamp(),
  `picked_by` int(11) NOT NULL
) ENGINE=InnoDB DEFAULT CHARSET=utf8mb4 COLLATE=utf8mb4_general_ci;

--
-- Dumping data for table `medicine_pickups`
--

INSERT INTO `medicine_pickups` (`pickup_id`, `prescription_id`, `pickup_date`, `picked_by`) VALUES
(1, 1, '2026-02-11 00:20:14', 4),
(2, 1, '2026-02-11 00:20:21', 4),
(3, 2, '2026-02-11 05:39:19', 4),
(4, 3, '2026-02-11 05:39:20', 4);

-- --------------------------------------------------------

--
-- Table structure for table `patients`
--

CREATE TABLE `patients` (
  `patient_id` int(11) NOT NULL,
  `user_id` int(11) NOT NULL,
  `nik` varchar(20) NOT NULL,
  `gender` enum('L','P') NOT NULL,
  `birth_date` date NOT NULL,
  `phone` varchar(20) DEFAULT NULL,
  `address` text DEFAULT NULL
) ENGINE=InnoDB DEFAULT CHARSET=utf8mb4 COLLATE=utf8mb4_general_ci;

--
-- Dumping data for table `patients`
--

INSERT INTO `patients` (`patient_id`, `user_id`, `nik`, `gender`, `birth_date`, `phone`, `address`) VALUES
(2, 15, '1234567890123456', 'L', '2007-11-25', '85156467659', 'Jalan Golf, Lingkungan Jl. Citatah Dalam No.03, Ciriung, Cibinong, Bogor Regency, West Java 16918'),
(3, 18, '3213948297462', 'L', '2005-06-14', '08787472747554', 'tapos-depok');

-- --------------------------------------------------------

--
-- Table structure for table `payments`
--

CREATE TABLE `payments` (
  `payment_id` int(11) NOT NULL,
  `appointment_id` int(11) NOT NULL,
  `total_amount` decimal(10,2) NOT NULL,
  `payment_method` enum('cash','card','insurance') DEFAULT NULL,
  `payment_status` enum('unpaid','paid','pending') DEFAULT 'unpaid',
  `payment_date` datetime DEFAULT NULL
) ENGINE=InnoDB DEFAULT CHARSET=utf8mb4 COLLATE=utf8mb4_general_ci;

--
-- Dumping data for table `payments`
--

INSERT INTO `payments` (`payment_id`, `appointment_id`, `total_amount`, `payment_method`, `payment_status`, `payment_date`) VALUES
(1, 3, 67000.00, NULL, 'paid', '2026-02-10 23:43:12'),
(2, 6, 67000.00, NULL, 'paid', '2026-02-11 05:39:00'),
(3, 10, 53000.00, NULL, 'paid', '2026-02-11 05:39:04');

-- --------------------------------------------------------

--
-- Table structure for table `prescriptions`
--

CREATE TABLE `prescriptions` (
  `prescription_id` int(11) NOT NULL,
  `exam_id` int(11) NOT NULL,
  `created_at` timestamp NOT NULL DEFAULT current_timestamp()
) ENGINE=InnoDB DEFAULT CHARSET=utf8mb4 COLLATE=utf8mb4_general_ci;

--
-- Dumping data for table `prescriptions`
--

INSERT INTO `prescriptions` (`prescription_id`, `exam_id`, `created_at`) VALUES
(1, 1, '2026-02-10 23:18:11'),
(2, 2, '2026-02-11 05:30:51'),
(3, 3, '2026-02-11 05:38:21');

-- --------------------------------------------------------

--
-- Table structure for table `prescription_items`
--

CREATE TABLE `prescription_items` (
  `item_id` int(11) NOT NULL,
  `prescription_id` int(11) NOT NULL,
  `medicine_id` int(11) NOT NULL,
  `dosage` varchar(100) DEFAULT NULL,
  `quantity` int(11) NOT NULL,
  `instructions` text DEFAULT NULL
) ENGINE=InnoDB DEFAULT CHARSET=utf8mb4 COLLATE=utf8mb4_general_ci;

--
-- Dumping data for table `prescription_items`
--

INSERT INTO `prescription_items` (`item_id`, `prescription_id`, `medicine_id`, `dosage`, `quantity`, `instructions`) VALUES
(1, 1, 1, '-', 1, '3x1 Hari'),
(2, 1, 2, '', 1, '3x1 Hari'),
(3, 2, 1, '-', 1, '3x1 Hari'),
(4, 2, 2, '', 1, '3x1 Hari'),
(5, 3, 9, '-', 1, '3x1 Hari');

-- --------------------------------------------------------

--
-- Table structure for table `queues`
--

CREATE TABLE `queues` (
  `queue_id` int(11) NOT NULL,
  `appointment_id` int(11) NOT NULL,
  `queue_number` int(11) NOT NULL,
  `status` enum('waiting','called','done') DEFAULT 'waiting',
  `call_time` datetime DEFAULT NULL
) ENGINE=InnoDB DEFAULT CHARSET=utf8mb4 COLLATE=utf8mb4_general_ci;

--
-- Dumping data for table `queues`
--

INSERT INTO `queues` (`queue_id`, `appointment_id`, `queue_number`, `status`, `call_time`) VALUES
(1, 3, 1, 'done', NULL),
(2, 6, 2, 'done', NULL),
(3, 5, 3, 'waiting', NULL),
(4, 4, 4, 'waiting', NULL),
(5, 7, 5, 'waiting', NULL),
(6, 8, 6, 'waiting', NULL),
(7, 8, 7, 'waiting', NULL),
(8, 9, 8, 'waiting', NULL),
(9, 10, 9, 'done', NULL),
(10, 11, 10, 'waiting', NULL);

-- --------------------------------------------------------

--
-- Table structure for table `roles`
--

CREATE TABLE `roles` (
  `role_id` int(11) NOT NULL,
  `role_name` varchar(50) NOT NULL
) ENGINE=InnoDB DEFAULT CHARSET=utf8mb4 COLLATE=utf8mb4_general_ci;

--
-- Dumping data for table `roles`
--

INSERT INTO `roles` (`role_id`, `role_name`) VALUES
(1, 'admin'),
(2, 'pendaftaran'),
(3, 'dokter'),
(4, 'apoteker'),
(5, 'kasir'),
(6, 'pasien');

-- --------------------------------------------------------

--
-- Table structure for table `users`
--

CREATE TABLE `users` (
  `user_id` int(11) NOT NULL,
  `username` varchar(50) NOT NULL,
  `password_hash` varchar(255) NOT NULL,
  `full_name` varchar(100) NOT NULL,
  `role_id` int(11) NOT NULL,
  `status` enum('active','inactive') DEFAULT 'active',
  `created_at` timestamp NOT NULL DEFAULT current_timestamp()
) ENGINE=InnoDB DEFAULT CHARSET=utf8mb4 COLLATE=utf8mb4_general_ci;

--
-- Dumping data for table `users`
--

INSERT INTO `users` (`user_id`, `username`, `password_hash`, `full_name`, `role_id`, `status`, `created_at`) VALUES
(1, 'admin', '$2y$10$ICpGmFm9/xP5ZqaLveW/Xe6rcm7DbrEIYTCrAcZL0JllYFnnB1aJG', 'Administrator RS', 1, 'active', '2026-02-03 00:55:37'),
(2, 'rama', '$2y$10$EeZIT5olFO4kFg0iGGt65ujPW9vuiAFd3KhWaE.1OpMR1qlmpTEQm', 'Ani Marfuah Ramadhani', 2, 'active', '2026-02-03 00:55:37'),
(4, 'hadi', '$2y$10$d/su//XM/9XV/lzRn5uUQeP437UoDJC1IZvINtNKHN1WkaD.42PVm', 'Hadi Achsan Ardiyanto', 4, 'active', '2026-02-03 00:55:37'),
(5, 'marco', '$2y$10$TzZJlZEQJx0dbkfs8P/heeaR6FsaOTTsmjG4S5ohw0FbOOjVw3pku', 'Sophian Marco Butar Butar', 5, 'active', '2026-02-03 00:55:37'),
(14, 'ardi', '$2y$10$fp/kg6OMrLrRUhi8c15SheFEyhxhkaVLMiR9VGw8LlOUioY4GK/xC', 'Ardianto Randa', 6, 'active', '2026-02-10 12:55:22'),
(15, 'nadia', '$2y$10$7Ymjhh236etaZudtd95zluikljZgvqg0ys4vZ3KT2z5uVakiXXhwS', 'Nadia Chairunnisa', 6, 'active', '2026-02-10 15:36:28'),
(16, 'dhavaa', '$2y$10$kIi2mXgKAfqLePW4JzHkw.pFYgOq1Q4y2lT1qfaMj1J2q11wXtMWW', 'Auliya Dhava Wimaa', 3, 'active', '2026-02-10 16:29:43'),
(17, 'dhava', '$2y$10$9hmJCpeJBb8NSfw.mTcy5uwBelqZg.EjYH7S5UMl8JsbV9kUGQiti', 'Auliya Dhava Wima', 3, 'active', '2026-02-11 04:56:17'),
(18, 'ani', '$2y$10$mpMnaMp1zJ39yND0RrRfFuOqXEQ.TLuc8frfK.VFixXVa/8y9aJY2', 'Ani Marfuah Ramadhani', 6, 'active', '2026-02-11 05:35:14'),
(19, 'gigi', '$2y$10$B2E9FrBdTu/LxZZjgeAznuWGk9CzQcomW1al8RE8beB8fa8zqNjxW', 'Poli Gigi', 3, 'active', '2026-02-11 07:45:19'),
(20, 'anak', '$2y$10$mV41UAHEIJo/MES9bs2.GO1rUh.UIvXvxNRc8hWZOpWUT5v.//Nom', 'Poli Anak', 3, 'active', '2026-02-11 07:45:44'),
(21, 'umum', '$2y$10$IFiKcC1De5HNkYmkUF.32eUM4K7dfg1Vg/UnBoaqOAZo3Dn5kEuyS', 'Poli Umum', 3, 'active', '2026-02-11 07:46:07'),
(22, 'penyakitdalam', '$2y$10$t3J69qLYZmXNYzLJwBBMWOB7kcj5z8pDrs5.VeDlD1vUkEiqVKDtq', 'Poli Penyakit Dalam', 3, 'active', '2026-02-11 07:47:08');

-- --------------------------------------------------------

--
-- Table structure for table `user_access_logs`
--

CREATE TABLE `user_access_logs` (
  `log_id` int(11) NOT NULL,
  `user_id` int(11) NOT NULL,
  `activity` varchar(255) NOT NULL,
  `log_time` timestamp NOT NULL DEFAULT current_timestamp()
) ENGINE=InnoDB DEFAULT CHARSET=utf8mb4 COLLATE=utf8mb4_general_ci;

--
-- Indexes for dumped tables
--

--
-- Indexes for table `appointments`
--
ALTER TABLE `appointments`
  ADD PRIMARY KEY (`appointment_id`),
  ADD KEY `patient_id` (`patient_id`),
  ADD KEY `department_id` (`department_id`),
  ADD KEY `doctor_id` (`doctor_id`);

--
-- Indexes for table `departments`
--
ALTER TABLE `departments`
  ADD PRIMARY KEY (`department_id`);

--
-- Indexes for table `doctors`
--
ALTER TABLE `doctors`
  ADD PRIMARY KEY (`doctor_id`),
  ADD KEY `user_id` (`user_id`),
  ADD KEY `department_id` (`department_id`);

--
-- Indexes for table `examinations`
--
ALTER TABLE `examinations`
  ADD PRIMARY KEY (`exam_id`),
  ADD KEY `appointment_id` (`appointment_id`),
  ADD KEY `doctor_id` (`doctor_id`);

--
-- Indexes for table `medicines`
--
ALTER TABLE `medicines`
  ADD PRIMARY KEY (`medicine_id`);

--
-- Indexes for table `medicine_pickups`
--
ALTER TABLE `medicine_pickups`
  ADD PRIMARY KEY (`pickup_id`),
  ADD KEY `prescription_id` (`prescription_id`),
  ADD KEY `picked_by` (`picked_by`);

--
-- Indexes for table `patients`
--
ALTER TABLE `patients`
  ADD PRIMARY KEY (`patient_id`),
  ADD KEY `user_id` (`user_id`);

--
-- Indexes for table `payments`
--
ALTER TABLE `payments`
  ADD PRIMARY KEY (`payment_id`),
  ADD KEY `appointment_id` (`appointment_id`);

--
-- Indexes for table `prescriptions`
--
ALTER TABLE `prescriptions`
  ADD PRIMARY KEY (`prescription_id`),
  ADD KEY `exam_id` (`exam_id`);

--
-- Indexes for table `prescription_items`
--
ALTER TABLE `prescription_items`
  ADD PRIMARY KEY (`item_id`),
  ADD KEY `prescription_id` (`prescription_id`),
  ADD KEY `medicine_id` (`medicine_id`);

--
-- Indexes for table `queues`
--
ALTER TABLE `queues`
  ADD PRIMARY KEY (`queue_id`),
  ADD KEY `appointment_id` (`appointment_id`);

--
-- Indexes for table `roles`
--
ALTER TABLE `roles`
  ADD PRIMARY KEY (`role_id`);

--
-- Indexes for table `users`
--
ALTER TABLE `users`
  ADD PRIMARY KEY (`user_id`),
  ADD UNIQUE KEY `username` (`username`),
  ADD KEY `role_id` (`role_id`);

--
-- Indexes for table `user_access_logs`
--
ALTER TABLE `user_access_logs`
  ADD PRIMARY KEY (`log_id`),
  ADD KEY `user_id` (`user_id`);

--
-- AUTO_INCREMENT for dumped tables
--

--
-- AUTO_INCREMENT for table `appointments`
--
ALTER TABLE `appointments`
  MODIFY `appointment_id` int(11) NOT NULL AUTO_INCREMENT, AUTO_INCREMENT=12;

--
-- AUTO_INCREMENT for table `departments`
--
ALTER TABLE `departments`
  MODIFY `department_id` int(11) NOT NULL AUTO_INCREMENT, AUTO_INCREMENT=11;

--
-- AUTO_INCREMENT for table `doctors`
--
ALTER TABLE `doctors`
  MODIFY `doctor_id` int(11) NOT NULL AUTO_INCREMENT, AUTO_INCREMENT=10;

--
-- AUTO_INCREMENT for table `examinations`
--
ALTER TABLE `examinations`
  MODIFY `exam_id` int(11) NOT NULL AUTO_INCREMENT, AUTO_INCREMENT=4;

--
-- AUTO_INCREMENT for table `medicines`
--
ALTER TABLE `medicines`
  MODIFY `medicine_id` int(11) NOT NULL AUTO_INCREMENT, AUTO_INCREMENT=11;

--
-- AUTO_INCREMENT for table `medicine_pickups`
--
ALTER TABLE `medicine_pickups`
  MODIFY `pickup_id` int(11) NOT NULL AUTO_INCREMENT, AUTO_INCREMENT=5;

--
-- AUTO_INCREMENT for table `patients`
--
ALTER TABLE `patients`
  MODIFY `patient_id` int(11) NOT NULL AUTO_INCREMENT, AUTO_INCREMENT=4;

--
-- AUTO_INCREMENT for table `payments`
--
ALTER TABLE `payments`
  MODIFY `payment_id` int(11) NOT NULL AUTO_INCREMENT, AUTO_INCREMENT=4;

--
-- AUTO_INCREMENT for table `prescriptions`
--
ALTER TABLE `prescriptions`
  MODIFY `prescription_id` int(11) NOT NULL AUTO_INCREMENT, AUTO_INCREMENT=4;

--
-- AUTO_INCREMENT for table `prescription_items`
--
ALTER TABLE `prescription_items`
  MODIFY `item_id` int(11) NOT NULL AUTO_INCREMENT, AUTO_INCREMENT=6;

--
-- AUTO_INCREMENT for table `queues`
--
ALTER TABLE `queues`
  MODIFY `queue_id` int(11) NOT NULL AUTO_INCREMENT, AUTO_INCREMENT=11;

--
-- AUTO_INCREMENT for table `roles`
--
ALTER TABLE `roles`
  MODIFY `role_id` int(11) NOT NULL AUTO_INCREMENT, AUTO_INCREMENT=7;

--
-- AUTO_INCREMENT for table `users`
--
ALTER TABLE `users`
  MODIFY `user_id` int(11) NOT NULL AUTO_INCREMENT, AUTO_INCREMENT=23;

--
-- AUTO_INCREMENT for table `user_access_logs`
--
ALTER TABLE `user_access_logs`
  MODIFY `log_id` int(11) NOT NULL AUTO_INCREMENT;

--
-- Constraints for dumped tables
--

--
-- Constraints for table `appointments`
--
ALTER TABLE `appointments`
  ADD CONSTRAINT `appointments_ibfk_1` FOREIGN KEY (`patient_id`) REFERENCES `patients` (`patient_id`),
  ADD CONSTRAINT `appointments_ibfk_2` FOREIGN KEY (`department_id`) REFERENCES `departments` (`department_id`),
  ADD CONSTRAINT `appointments_ibfk_3` FOREIGN KEY (`doctor_id`) REFERENCES `doctors` (`doctor_id`);

--
-- Constraints for table `doctors`
--
ALTER TABLE `doctors`
  ADD CONSTRAINT `doctors_ibfk_1` FOREIGN KEY (`user_id`) REFERENCES `users` (`user_id`) ON DELETE CASCADE,
  ADD CONSTRAINT `doctors_ibfk_2` FOREIGN KEY (`department_id`) REFERENCES `departments` (`department_id`) ON DELETE CASCADE;

--
-- Constraints for table `examinations`
--
ALTER TABLE `examinations`
  ADD CONSTRAINT `examinations_ibfk_1` FOREIGN KEY (`appointment_id`) REFERENCES `appointments` (`appointment_id`),
  ADD CONSTRAINT `examinations_ibfk_2` FOREIGN KEY (`doctor_id`) REFERENCES `doctors` (`doctor_id`);

--
-- Constraints for table `medicine_pickups`
--
ALTER TABLE `medicine_pickups`
  ADD CONSTRAINT `medicine_pickups_ibfk_1` FOREIGN KEY (`prescription_id`) REFERENCES `prescriptions` (`prescription_id`),
  ADD CONSTRAINT `medicine_pickups_ibfk_2` FOREIGN KEY (`picked_by`) REFERENCES `users` (`user_id`);

--
-- Constraints for table `patients`
--
ALTER TABLE `patients`
  ADD CONSTRAINT `patients_ibfk_1` FOREIGN KEY (`user_id`) REFERENCES `users` (`user_id`) ON DELETE CASCADE;

--
-- Constraints for table `payments`
--
ALTER TABLE `payments`
  ADD CONSTRAINT `payments_ibfk_1` FOREIGN KEY (`appointment_id`) REFERENCES `appointments` (`appointment_id`);

--
-- Constraints for table `prescriptions`
--
ALTER TABLE `prescriptions`
  ADD CONSTRAINT `prescriptions_ibfk_1` FOREIGN KEY (`exam_id`) REFERENCES `examinations` (`exam_id`);

--
-- Constraints for table `prescription_items`
--
ALTER TABLE `prescription_items`
  ADD CONSTRAINT `prescription_items_ibfk_1` FOREIGN KEY (`prescription_id`) REFERENCES `prescriptions` (`prescription_id`),
  ADD CONSTRAINT `prescription_items_ibfk_2` FOREIGN KEY (`medicine_id`) REFERENCES `medicines` (`medicine_id`);

--
-- Constraints for table `queues`
--
ALTER TABLE `queues`
  ADD CONSTRAINT `queues_ibfk_1` FOREIGN KEY (`appointment_id`) REFERENCES `appointments` (`appointment_id`);

--
-- Constraints for table `users`
--
ALTER TABLE `users`
  ADD CONSTRAINT `users_ibfk_1` FOREIGN KEY (`role_id`) REFERENCES `roles` (`role_id`) ON DELETE CASCADE;

--
-- Constraints for table `user_access_logs`
--
ALTER TABLE `user_access_logs`
  ADD CONSTRAINT `user_access_logs_ibfk_1` FOREIGN KEY (`user_id`) REFERENCES `users` (`user_id`);
COMMIT;

/*!40101 SET CHARACTER_SET_CLIENT=@OLD_CHARACTER_SET_CLIENT */;
/*!40101 SET CHARACTER_SET_RESULTS=@OLD_CHARACTER_SET_RESULTS */;
/*!40101 SET COLLATION_CONNECTION=@OLD_COLLATION_CONNECTION */;
